{
  "posts": [
    {
      "id": 1,
      "CustomerCode": "188965",
      "CustomerName": "Abhinav Kumar",
      "CustomerAmount": "100.23"
    },
    {
      "CustomerCode": "1112",
      "CustomerName": "weqda",
      "CustomerAmount": "2131",
      "id": 2
    },
    {
      "CustomerCode": "1123",
      "CustomerName": "dasd",
      "CustomerAmount": "3423",
      "id": 3
    },
    {
      "CustomerCode": "1111",
      "CustomerName": "wqeq",
      "CustomerAmount": "04356",
      "id": 4
    },
    {
      "CustomerCode": "1112",
      "CustomerName": "sada",
      "CustomerAmount": 0,
      "id": 5
    }
  ]
}